date,machine_id,shift,operator_id,units_produced,defective_units,downtime_minutes
2025-01-01,M1,Day,OP8,106,6,61.0
2025-01-01,M1,Night,OP7,176,21,141.0
2025-01-01,M2,Day,OP6,148,5,13.0
2025-01-01,M2,Night,OP3,117,5,54.0
2025-01-01,M3,Day,OP1,132,11,40.0
2025-01-01,M3,Night,OP10,172,17,49.0
2025-01-01,M4,Day,OP1,119,5,28.0
2025-01-01,M4,Night,OP3,126,4,43.0
2025-01-01,M5,Day,OP5,127,3,6.0
2025-01-01,M5,Night,OP10,166,5,16.0
2025-01-02,M1,DAY,OP6,176,11,107.0
2025-01-02,M1,Night,OP5,136,9,108.0
2025-01-02,M2,Day,OP9,168,11,59.0
2025-01-02,M2,Night,OP6,101,6,30.0
2025-01-02,M3,DAY,OP4,122,14,20.0
2025-01-02,M3,Night,OP5,153,17,49.0
2025-01-02,M4,Day,OP10,117,2,12.0
2025-01-02,M4,Night,OP1,125,8,35.0
2025-01-02,M5,Day,OP8,113,2,13.0
2025-01-02,M5,Night,OP7,133,3,17.0
2025-01-03,M1,Day,OP6,169,11,75.0
2025-01-03,M1,Night,OP6,157,17,102.0
2025-01-03,M2,Day,OP2,106,4,16.0
2025-01-03,M2,Night,OP9,115,7,14.0
2025-01-03,M3,Day,OP8,127,10,28.0
2025-01-03,M3,Night,OP8,148,14,40.0
2025-01-03,M4,Day,OP9,100,3,15.0
2025-01-03,M4,Night,OP6,120,5,27.0
2025-01-03,M5,Day,OP7,177,8,23.0
2025-01-03,M5,Night,OP8,108,3,23.0
2025-01-04,M1,Day,OP6,136,12,82.0
2025-01-04,M1,Night,OP8,118,9,53.0
2025-01-04,M2,Day,OP4,118,6,31.0
2025-01-04,M2,Night,OP8,158,9,15.0
2025-01-04,M3,Day,OP1,160,14,34.0
2025-01-04,M3,Night,OP10,108,11,33.0
2025-01-04,M4,Day,OP9,111,3,13.0
2025-01-04,M4,Night,OP5,142,6,
2025-01-04,M5,Day,OP2,104,1,9.0
2025-01-04,M5,Night,OP4,106,3,19.0
2025-01-05,M1,Day,OP8,135,13,112.0
2025-01-05,M1,Night,OP1,120,11,58.0
2025-01-05,M2,Day,OP7,173,9,70.0
2025-01-05,M2,Night,OP6,167,6,50.0
2025-01-05,M3,Day,OP1,122,16,53.0
2025-01-05,M3,Night,OP10,104,11,25.0
2025-01-05,M4,day,OP8,164,8,27.0
2025-01-05,M4,Night,OP1,123,6,20.0
2025-01-05,M5,Day,OP4,144,1,8.0
2025-01-05,M5,Night,OP4,176,5,19.0
2025-01-06,M1,Day,OP3,177,12,110.0
2025-01-06,M1,Night,OP5,111,9,70.0
2025-01-06,M2,Day,OP10,156,9,27.0
2025-01-06,M2,Night,OP2,162,9,19.0
2025-01-06,M3,Day,OP9,124,13,14.0
2025-01-06,M3,Night,OP8,154,18,50.0
2025-01-06,M4,Day,OP4,116,4,16.0
2025-01-06,M4,Night,OP4,178,7,28.0
2025-01-06,M5,Day,OP1,170,3,1.0
2025-01-06,M5,Night,OP10,174,5,17.0
2025-01-07,M1,Day,OP6,114,6,114.0
2025-01-07,M1,Night,OP5,127,12,100.0
2025-01-07,M2,Day,OP3,171,6,15.0
2025-01-07,M2,Night,OP3,166,6,49.0
2025-01-07,M3,Day,OP9,130,11,37.0
2025-01-07,M3,Night,OP9,119,14,34.0
2025-01-07,M4,Day,OP8,117,4,19.0
2025-01-07,M4,Night,OP9,146,6,56.0
2025-01-07,M5,Day,OP6,134,2,7.0
2025-01-07,M5,Night,OP6,139,4,30.0
2025-01-08,M1,Day,OP5,134,9,94.0
2025-01-08,M1,Night,OP4,153,16,103.0
2025-01-08,M2,Day,OP10,157,6,25.0
2025-01-08,M2,Night,OP3,154,7,52.0
2025-01-08,M3,day,OP5,172,19,16.0
2025-01-08,M3,Night,OP2,121,18,80.0
2025-01-08,M4,Day,OP3,126,7,18.0
2025-01-08,M4,Night,OP3,131,4,30.0
2025-01-08,M5,day,OP8,160,4,4.0
2025-01-08,M5,Night,OP1,150,4,21.0
2025-01-09,M1,Day,OP10,115,5,54.0
2025-01-09,M1,Night,OP7,149,12,98.0
2025-01-09,M2,Day,OP9,170,6,26.0
2025-01-09,M2,Night,OP8,113,4,31.0
2025-01-09,M3,Day,OP9,102,9,26.0
2025-01-09,M3,Night,OP2,180,20,56.0
2025-01-09,M4,day,OP6,171,8,27.0
2025-01-09,M4,Night,OP3,140,9,25.0
2025-01-09,M5,Day,OP6,115,1,13.0
2025-01-09,M5,Night,OP3,102,3,13.0
2025-01-10,M1,DAY,OP7,148,12,42.0
2025-01-10,M1,Night,OP2,179,12,129.0
2025-01-10,M2,Day,OP5,109,3,28.0
2025-01-10,M2,Night,OP3,146,6,22.0
2025-01-10,M3,Day,OP1,114,12,36.0
2025-01-10,M3,Night,OP3,100,9,47.0
2025-01-10,M4,Day,OP5,148,5,31.0
2025-01-10,M4,Night,OP1,163,10,38.0
2025-01-10,M5,Day,OP7,109,2,2.0
2025-01-10,M5,Night,OP10,101,3,20.0
2025-01-11,M1,Day,OP5,173,16,86.0
2025-01-11,M1,Night,OP8,115,8,118.0
2025-01-11,M2,Day,OP5,155,5,18.0
2025-01-11,M2,Night,OP1,165,10,20.0
2025-01-11,M3,Day,OP3,148,17,26.0
2025-01-11,M3,Night,OP4,159,17,35.0
2025-01-11,M4,Day,OP9,180,7,12.0
2025-01-11,M4,Night,OP7,179,17,65.0
2025-01-11,M5,Day,OP2,131,3,5.0
2025-01-11,M5,Night,OP9,117,4,8.0
2025-01-12,M1,Day,OP6,133,14,108.0
2025-01-12,M1,Night,,122,11,62.0
2025-01-12,M2,Day,OP10,118,4,5.0
2025-01-12,M2,Night,OP2,145,9,25.0
2025-01-12,M3,Day,OP1,147,16,23.0
2025-01-12,M3,Night,OP10,133,13,49.0
2025-01-12,M4,Day,OP1,171,7,31.0
2025-01-12,M4,Night,OP5,157,4,47.0
2025-01-12,M5,Day,OP9,147,3,15.0
2025-01-12,M5,Night,OP10,159,4,17.0
2025-01-13,M1,Day,OP4,123,7,44.0
2025-01-13,M1,Night,OP8,142,12,123.0
2025-01-13,M2,Day,OP6,144,7,72.0
2025-01-13,M2,Night,OP1,138,4,24.0
2025-01-13,M3,Day,OP8,124,13,15.0
2025-01-13,M3,Night,OP10,122,15,44.0
2025-01-13,M4,Day,OP7,157,6,9.0
2025-01-13,M4,Night,OP9,127,6,49.0
2025-01-13,M5,day,OP5,127,2,13.0
2025-01-13,M5,Night,OP1,133,3,15.0
2025-01-14,M1,Day,OP10,130,12,97.0
2025-01-14,M1,Night,OP6,137,13,123.0
2025-01-14,M2,Day,OP8,100,5,20.0
2025-01-14,M2,Night,OP9,134,5,35.0
2025-01-14,M3,Day,OP2,138,13,21.0
2025-01-14,M3,Night,OP3,128,16,95.0
2025-01-14,M4,day,OP2,157,12,66.0
2025-01-14,M4,Night,OP3,112,5,35.0
2025-01-14,M5,Day,OP3,117,2,12.0
2025-01-14,M5,Night,OP9,167,3,20.0
2025-01-15,M1,Day,OP9,104,10,155.0
2025-01-15,M1,Night,OP10,155,12,120.0
2025-01-15,M2,day,OP2,152,3,36.0
2025-01-15,M2,Night,OP1,102,8,70.0
2025-01-15,M3,Day,OP10,103,10,18.0
2025-01-15,M3,Night,OP5,165,17,43.0
2025-01-15,M4,Day,OP2,147,8,21.0
2025-01-15,M4,Night,OP6,102,5,29.0
2025-01-15,M5,Day,OP6,135,2,9.0
2025-01-15,M5,Night,OP4,163,4,12.0
2025-01-16,M1,Day,OP5,172,17,59.0
2025-01-16,M1,Night,OP10,161,11,109.0
2025-01-16,M2,Day,OP10,176,9,20.0
2025-01-16,M2,Night,OP1,152,9,48.0
2025-01-16,M3,day,OP3,129,18,53.0
2025-01-16,M3,Night,OP5,180,28,94.0
2025-01-16,M4,Day,OP3,134,4,7.0
2025-01-16,M4,Night,OP5,134,4,44.0
2025-01-16,M5,Day,OP9,137,1,4.0
2025-01-16,M5,Night,OP5,146,8,47.0
2025-01-17,M1,Day,OP10,158,9,71.0
2025-01-17,M1,Night,OP3,176,22,140.0
2025-01-17,M2,Day,OP4,160,4,15.0
2025-01-17,M2,Night,OP5,154,7,13.0
2025-01-17,M3,Day,OP3,128,14,31.0
2025-01-17,M3,Night,,176,16,53.0
2025-01-17,M4,Day,OP10,177,4,9.0
2025-01-17,M4,Night,OP9,125,5,45.0
2025-01-17,M5,Day,OP9,135,1,14.0
2025-01-17,M5,Night,OP3,135,3,28.0
2025-01-18,M1,Day,OP10,101,5,115.0
2025-01-18,M1,Night,OP8,112,7,124.0
2025-01-18,M2,Day,OP3,142,3,14.0
2025-01-18,M2,Night,OP2,104,4,15.0
2025-01-18,M3,Day,OP4,154,17,
2025-01-18,M3,Night,OP8,147,16,47.0
2025-01-18,M4,Day,OP4,110,2,7.0
2025-01-18,M4,Night,OP6,127,8,49.0
2025-01-18,M5,Day,OP3,174,4,15.0
2025-01-18,M5,Night,OP10,158,8,60.0
2025-01-19,M1,day,OP1,180,10,53.0
2025-01-19,M1,Night,OP6,140,11,52.0
2025-01-19,M2,Day,OP1,151,10,57.0
2025-01-19,M2,Night,OP2,164,6,43.0
2025-01-19,M3,day,OP1,150,20,65.0
2025-01-19,M3,Night,OP7,168,19,35.0
2025-01-19,M4,Day,OP5,127,3,22.0
2025-01-19,M4,Night,OP8,143,7,53.0
2025-01-19,M5,Day,OP3,126,2,2.0
2025-01-19,M5,Night,OP2,128,7,35.0
2025-01-20,M1,Day,OP5,130,6,55.0
2025-01-20,M1,Night,OP10,161,13,85.0
2025-01-20,M2,Day,OP3,144,7,20.0
2025-01-20,M2,Night,OP1,144,8,47.0
2025-01-20,M3,Day,OP3,126,14,36.0
2025-01-20,M3,Night,OP8,134,16,76.0
2025-01-20,M4,Day,OP9,173,10,29.0
2025-01-20,M4,Night,OP8,109,8,64.0
2025-01-20,M5,Day,OP2,106,2,11.0
2025-01-20,M5,Night,OP10,162,4,30.0
2025-01-21,M1,Day,OP6,104,8,64.0
2025-01-21,M1,Night,OP7,151,13,86.0
2025-01-21,M2,day,OP2,153,3,12.0
2025-01-21,M2,Night,OP6,173,9,57.0
2025-01-21,M3,Day,OP4,136,13,17.0
2025-01-21,M3,Night,OP8,138,14,42.0
2025-01-21,M4,Day,OP3,117,4,29.0
2025-01-21,M4,Night,OP4,180,6,12.0
2025-01-21,M5,Day,OP5,164,4,8.0
2025-01-21,M5,Night,OP6,113,4,22.0
2025-01-22,M1,Day,OP3,121,7,47.0
2025-01-22,M1,Night,OP8,161,18,115.0
2025-01-22,M2,Day,OP8,102,3,25.0
2025-01-22,M2,Night,OP6,171,8,48.0
2025-01-22,M3,Day,OP9,167,19,36.0
2025-01-22,M3,Night,OP5,143,17,47.0
2025-01-22,M4,Day,OP8,160,5,7.0
2025-01-22,M4,Night,OP9,125,7,39.0
2025-01-22,M5,Day,OP6,132,3,
2025-01-22,M5,Night,OP3,156,4,11.0
2025-01-23,M1,Day,OP7,128,12,67.0
2025-01-23,M1,Night,OP2,153,10,126.0
2025-01-23,M2,day,OP5,102,2,26.0
2025-01-23,M2,Night,OP5,170,9,15.0
2025-01-23,M3,Day,OP8,151,16,37.0
2025-01-23,M3,Night,OP3,180,22,18.0
2025-01-23,M4,Day,OP5,125,6,14.0
2025-01-23,M4,Night,OP10,131,7,26.0
2025-01-23,M5,Day,OP8,145,2,9.0
2025-01-23,M5,Night,OP5,169,6,32.0
2025-01-24,M1,Day,OP3,168,14,68.0
2025-01-24,M1,Night,OP1,133,9,72.0
2025-01-24,M2,Day,OP6,179,4,11.0
2025-01-24,M2,Night,OP8,128,8,37.0
2025-01-24,M3,Day,OP4,126,14,24.0
2025-01-24,M3,Night,OP3,106,11,26.0
2025-01-24,M4,Day,OP4,175,9,6.0
2025-01-24,M4,Night,OP4,103,4,35.0
2025-01-24,M5,Day,OP10,174,8,26.0
2025-01-24,M5,Night,OP4,149,4,12.0
2025-01-25,M1,Day,OP7,116,8,118.0
2025-01-25,M1,Night,OP5,146,14,72.0
2025-01-25,M2,Day,OP2,128,7,32.0
2025-01-25,M2,Night,OP8,125,5,48.0
2025-01-25,M3,Day,OP6,144,15,40.0
2025-01-25,M3,Night,OP6,159,23,67.0
2025-01-25,M4,Day,OP2,175,10,27.0
2025-01-25,M4,Night,OP2,104,3,30.0
2025-01-25,M5,Day,OP6,164,4,5.0
2025-01-25,M5,Night,OP7,123,3,23.0
2025-01-26,M1,Day,OP7,129,8,105.0
2025-01-26,M1,Night,OP9,166,15,73.0
2025-01-26,M2,Day,OP5,158,8,35.0
2025-01-26,M2,Night,OP10,164,6,32.0
2025-01-26,M3,Day,OP1,165,13,22.0
2025-01-26,M3,Night,OP4,136,13,36.0
2025-01-26,M4,Day,OP5,156,5,7.0
2025-01-26,M4,Night,OP6,154,7,20.0
2025-01-26,M5,Day,OP2,177,4,10.0
2025-01-26,M5,Night,OP10,114,4,18.0
2025-01-27,M1,Day,OP10,142,9,99.0
2025-01-27,M1,Night,OP1,177,18,143.0
2025-01-27,M2,Day,OP9,111,3,7.0
2025-01-27,M2,Night,OP4,179,7,36.0
2025-01-27,M3,day,OP10,111,13,28.0
2025-01-27,M3,Night,OP10,148,16,43.0
2025-01-27,M4,Day,OP10,113,2,15.0
2025-01-27,M4,Night,OP1,134,4,41.0
2025-01-27,M5,Day,OP3,164,1,14.0
2025-01-27,M5,Night,OP9,144,4,25.0
2025-01-28,M1,DAY,OP1,180,16,90.0
2025-01-28,M1,Night,OP4,139,12,121.0
2025-01-28,M2,Day,OP3,114,5,12.0
2025-01-28,M2,Night,OP9,158,7,30.0
2025-01-28,M3,Day,OP9,158,15,11.0
2025-01-28,M3,Night,OP3,137,12,27.0
2025-01-28,M4,DAY,OP8,116,3,23.0
2025-01-28,M4,Night,OP4,150,10,24.0
2025-01-28,M5,Day,OP3,102,2,14.0
2025-01-28,M5,Night,OP9,122,8,41.0
2025-01-29,M1,Day,OP2,120,10,109.0
2025-01-29,M1,Night,OP5,108,9,68.0
2025-01-29,M2,Day,OP8,132,5,34.0
2025-01-29,M2,Night,OP9,170,9,34.0
2025-01-29,M3,Day,OP7,178,15,39.0
2025-01-29,M3,Night,OP5,161,20,54.0
2025-01-29,M4,Day,OP7,135,5,7.0
2025-01-29,M4,Night,OP4,177,7,24.0
2025-01-29,M5,Day,OP4,171,3,7.0
2025-01-29,M5,Night,OP6,152,3,21.0
2025-01-30,M1,Day,OP2,137,8,49.0
2025-01-30,M1,Night,OP1,174,11,77.0
2025-01-30,M2,Day,OP4,155,3,38.0
2025-01-30,M2,Night,OP8,170,8,32.0
2025-01-30,M3,Day,OP10,125,14,22.0
2025-01-30,M3,Night,OP9,118,11,50.0
2025-01-30,M4,Day,OP10,155,9,90.0
2025-01-30,M4,Night,OP10,168,7,54.0
2025-01-30,M5,Day,OP10,120,2,2.0
2025-01-30,M5,Night,OP2,166,5,13.0
2025-01-31,M1,Day,OP5,167,16,53.0
2025-01-31,M1,Night,OP7,145,11,96.0
2025-01-31,M2,day,OP10,137,5,22.0
2025-01-31,M2,Night,OP1,138,10,90.0
2025-01-31,M3,Day,OP2,133,13,20.0
2025-01-31,M3,Night,OP7,149,15,48.0
2025-01-31,M4,Day,OP7,155,5,31.0
2025-01-31,M4,Night,OP3,112,4,44.0
2025-01-31,M5,Day,OP5,155,2,3.0
2025-01-31,M5,Night,OP6,125,3,19.0
2025-02-01,M1,Day,OP10,164,14,97.0
2025-02-01,M1,Night,OP5,147,10,116.0
2025-02-01,M2,Day,OP2,180,6,9.0
2025-02-01,M2,Night,OP3,127,5,44.0
2025-02-01,M3,Day,OP8,172,17,12.0
2025-02-01,M3,Night,OP5,176,19,45.0
2025-02-01,M4,Day,OP5,178,3,9.0
2025-02-01,M4,Night,OP2,179,11,26.0
2025-02-01,M5,Day,OP2,167,4,8.0
2025-02-01,M5,Night,OP6,118,4,21.0
2025-02-02,M1,Day,OP4,102,7,
2025-02-02,M1,Night,OP7,128,9,62.0
2025-02-02,M2,Day,OP10,135,7,17.0
2025-02-02,M2,Night,OP6,158,10,43.0
2025-02-02,M3,day,OP7,133,12,20.0
2025-02-02,M3,Night,OP4,166,16,45.0
2025-02-02,M4,Day,OP5,164,5,14.0
2025-02-02,M4,Night,OP1,167,12,65.0
2025-02-02,M5,Day,OP3,177,5,8.0
2025-02-02,M5,Night,OP3,149,3,26.0
2025-02-03,M1,Day,OP6,104,7,73.0
2025-02-03,M1,Night,OP8,162,9,75.0
2025-02-03,M2,Day,OP10,147,6,39.0
2025-02-03,M2,Night,OP5,135,9,21.0
2025-02-03,M3,day,OP4,180,16,31.0
2025-02-03,M3,Night,OP10,125,12,44.0
2025-02-03,M4,Day,OP6,101,6,28.0
2025-02-03,M4,Night,OP4,122,4,26.0
2025-02-03,M5,Day,OP1,157,4,12.0
2025-02-03,M5,Night,OP7,142,4,24.0
2025-02-04,M1,Day,OP9,122,6,110.0
2025-02-04,M1,Night,OP2,154,10,93.0
2025-02-04,M2,Day,OP9,169,10,8.0
2025-02-04,M2,Night,OP8,121,5,32.0
2025-02-04,M3,Day,OP2,164,16,17.0
2025-02-04,M3,Night,OP5,122,14,32.0
2025-02-04,M4,Day,OP8,176,5,15.0
2025-02-04,M4,Night,OP8,164,9,52.0
2025-02-04,M5,Day,OP3,103,2,4.0
2025-02-04,M5,Night,OP6,124,3,26.0
2025-02-05,M1,DAY,OP8,121,7,98.0
2025-02-05,M1,Night,OP9,122,9,129.0
2025-02-05,M2,Day,OP6,135,3,10.0
2025-02-05,M2,Night,OP2,146,6,31.0
2025-02-05,M3,Day,OP7,175,16,14.0
2025-02-05,M3,Night,OP3,139,16,31.0
2025-02-05,M4,Day,OP9,122,6,7.0
2025-02-05,M4,Night,OP1,146,8,40.0
2025-02-05,M5,day,OP4,102,2,5.0
2025-02-05,M5,Night,OP3,123,2,17.0
2025-02-06,M1,Day,OP2,111,5,68.0
2025-02-06,M1,Night,OP8,113,10,100.0
2025-02-06,M2,Day,OP6,147,8,38.0
2025-02-06,M2,Night,OP10,113,7,45.0
2025-02-06,M3,DAY,OP3,168,19,25.0
2025-02-06,M3,Night,OP2,169,18,56.0
2025-02-06,M4,day,OP9,143,11,49.0
2025-02-06,M4,Night,OP4,139,4,56.0
2025-02-06,M5,Day,OP3,169,3,8.0
2025-02-06,M5,Night,OP7,127,4,14.0
2025-02-07,M1,Day,OP3,108,6,73.0
2025-02-07,M1,Night,OP6,137,10,109.0
2025-02-07,M2,Day,OP7,104,5,37.0
2025-02-07,M2,Night,OP10,113,5,48.0
2025-02-07,M3,Day,OP4,135,15,37.0
2025-02-07,M3,Night,OP1,128,12,27.0
2025-02-07,M4,Day,OP8,138,6,23.0
2025-02-07,M4,Night,OP3,126,3,26.0
2025-02-07,M5,day,OP1,150,2,13.0
2025-02-07,M5,Night,OP3,154,3,27.0
2025-02-08,M1,day,OP9,144,12,105.0
2025-02-08,M1,Night,OP5,144,8,101.0
2025-02-08,M2,Day,OP5,138,7,25.0
2025-02-08,M2,Night,OP5,180,7,51.0
2025-02-08,M3,Day,OP5,164,20,60.0
2025-02-08,M3,Night,OP5,164,18,24.0
2025-02-08,M4,Day,OP10,131,4,12.0
2025-02-08,M4,Night,OP5,151,9,42.0
2025-02-08,M5,Day,OP1,123,1,7.0
2025-02-08,M5,Night,OP10,151,3,20.0
2025-02-09,M1,Day,OP8,130,11,116.0
2025-02-09,M1,Night,OP4,109,11,81.0
2025-02-09,M2,Day,OP10,158,12,49.0
2025-02-09,M2,Night,OP4,128,8,54.0
2025-02-09,M3,Day,OP4,145,14,36.0
2025-02-09,M3,Night,OP6,151,22,89.0
2025-02-09,M4,Day,OP4,118,5,14.0
2025-02-09,M4,Night,OP4,150,7,41.0
2025-02-09,M5,day,OP8,149,2,7.0
2025-02-09,M5,Night,OP9,108,3,15.0
2025-02-10,M1,Day,OP9,108,7,82.0
2025-02-10,M1,Night,OP9,124,7,121.0
2025-02-10,M2,Day,OP6,105,4,17.0
2025-02-10,M2,Night,OP10,114,11,74.0
2025-02-10,M3,Day,OP7,156,17,34.0
2025-02-10,M3,Night,OP9,114,13,36.0
2025-02-10,M4,Day,OP3,146,4,33.0
2025-02-10,M4,Night,OP1,124,6,29.0
2025-02-10,M5,Day,OP6,112,1,8.0
2025-02-10,M5,Night,OP7,100,2,27.0
2025-02-11,M1,Day,OP9,159,9,62.0
2025-02-11,M1,Night,OP8,131,9,78.0
2025-02-11,M2,Day,OP1,137,3,32.0
2025-02-11,M2,Night,OP7,122,4,45.0
2025-02-11,M3,Day,OP2,111,9,28.0
2025-02-11,M3,Night,OP10,172,18,19.0
2025-02-11,M4,Day,OP6,129,2,13.0
2025-02-11,M4,Night,OP7,140,7,48.0
2025-02-11,M5,Day,OP6,168,3,10.0
2025-02-11,M5,Night,OP8,118,3,19.0
2025-02-12,M1,Day,OP1,158,10,108.0
2025-02-12,M1,Night,OP8,170,16,77.0
2025-02-12,M2,Day,OP3,162,7,15.0
2025-02-12,M2,Night,OP9,120,6,51.0
2025-02-12,M3,Day,OP6,129,11,
2025-02-12,M3,Night,OP8,173,21,30.0
2025-02-12,M4,Day,OP2,105,2,35.0
2025-02-12,M4,Night,OP5,114,3,45.0
2025-02-12,M5,Day,OP9,178,3,5.0
2025-02-12,M5,Night,OP5,105,7,51.0
2025-02-13,M1,Day,OP1,130,8,106.0
2025-02-13,M1,Night,OP10,136,18,98.0
2025-02-13,M2,Day,OP10,167,6,24.0
2025-02-13,M2,Night,OP1,145,9,22.0
2025-02-13,M3,Day,OP6,111,11,27.0
2025-02-13,M3,Night,OP3,111,17,78.0
2025-02-13,M4,Day,OP6,111,5,19.0
2025-02-13,M4,Night,OP1,166,5,27.0
2025-02-13,M5,day,OP1,122,1,2.0
2025-02-13,M5,Night,OP8,115,2,15.0
2025-02-14,M1,Day,OP4,153,8,51.0
2025-02-14,M1,Night,OP8,175,22,146.0
2025-02-14,M2,day,OP7,179,8,29.0
2025-02-14,M2,Night,OP4,135,8,41.0
2025-02-14,M3,Day,OP5,170,14,19.0
2025-02-14,M3,Night,OP5,169,21,44.0
2025-02-14,M4,Day,OP3,119,10,61.0
2025-02-14,M4,Night,OP7,164,6,52.0
2025-02-14,M5,Day,OP8,159,2,4.0
2025-02-14,M5,Night,OP6,116,3,20.0
2025-02-15,M1,Day,OP2,110,10,82.0
2025-02-15,M1,Night,OP9,175,15,49.0
2025-02-15,M2,Day,OP10,131,5,33.0
2025-02-15,M2,Night,OP3,154,7,38.0
2025-02-15,M3,Day,OP1,124,14,35.0
2025-02-15,M3,Night,OP1,152,14,51.0
2025-02-15,M4,Day,OP6,122,7,8.0
2025-02-15,M4,Night,OP6,178,7,34.0
2025-02-15,M5,Day,OP9,175,2,10.0
2025-02-15,M5,Night,OP6,157,4,18.0
2025-02-16,M1,Day,OP4,156,14,96.0
2025-02-16,M1,Night,OP10,122,13,101.0
2025-02-16,M2,day,OP7,171,9,40.0
2025-02-16,M2,Night,OP2,102,4,37.0
2025-02-16,M3,Day,OP4,137,15,35.0
2025-02-16,M3,Night,OP4,118,11,44.0
2025-02-16,M4,Day,OP2,161,8,16.0
2025-02-16,M4,Night,OP10,150,6,19.0
2025-02-16,M5,Day,OP2,165,2,2.0
2025-02-16,M5,Night,OP6,135,5,22.0
2025-02-17,M1,Day,OP3,140,7,61.0
2025-02-17,M1,Night,OP5,146,8,99.0
2025-02-17,M2,day,OP7,147,6,5.0
2025-02-17,M2,Night,OP7,141,9,41.0
2025-02-17,M3,Day,OP3,152,14,32.0
2025-02-17,M3,Night,OP10,162,16,42.0
2025-02-17,M4,Day,OP7,116,6,33.0
2025-02-17,M4,Night,OP2,157,12,65.0
2025-02-17,M5,day,OP9,170,1,4.0
2025-02-17,M5,Night,OP8,155,3,12.0
2025-02-18,M1,Day,OP2,180,11,98.0
2025-02-18,M1,Night,OP8,101,8,112.0
2025-02-18,M2,Day,OP2,165,7,15.0
2025-02-18,M2,Night,OP4,132,8,56.0
2025-02-18,M3,Day,OP2,151,18,
2025-02-18,M3,Night,OP5,149,15,46.0
2025-02-18,M4,Day,OP2,133,3,5.0
2025-02-18,M4,Night,OP8,166,9,46.0
2025-02-18,M5,Day,OP5,122,2,8.0
2025-02-18,M5,Night,OP5,172,5,21.0
2025-02-19,M1,Day,OP3,164,8,80.0
2025-02-19,M1,Night,OP6,132,10,123.0
2025-02-19,M2,Day,OP4,122,3,10.0
2025-02-19,M2,Night,OP5,138,7,38.0
2025-02-19,M3,Day,OP4,162,13,37.0
2025-02-19,M3,Night,OP3,119,13,52.0
2025-02-19,M4,day,OP4,132,8,58.0
2025-02-19,M4,Night,OP1,139,7,44.0
2025-02-19,M5,Day,OP10,135,3,1.0
2025-02-19,M5,Night,OP10,101,2,33.0
2025-02-20,M1,Day,OP9,155,11,78.0
2025-02-20,M1,Night,OP6,108,11,154.0
2025-02-20,M2,Day,OP6,134,4,24.0
2025-02-20,M2,Night,OP9,173,7,22.0
2025-02-20,M3,Day,OP5,143,15,32.0
2025-02-20,M3,Night,OP8,108,10,33.0
2025-02-20,M4,Day,OP10,106,3,39.0
2025-02-20,M4,Night,OP3,164,9,45.0
2025-02-20,M5,Day,OP5,121,1,5.0
2025-02-20,M5,Night,OP4,171,4,12.0
2025-02-21,M1,Day,OP9,164,19,109.0
2025-02-21,M1,Night,OP10,178,18,68.0
2025-02-21,M2,day,OP6,130,7,19.0
2025-02-21,M2,Night,OP8,173,9,19.0
2025-02-21,M3,Day,OP7,173,17,24.0
2025-02-21,M3,Night,OP6,151,14,27.0
2025-02-21,M4,Day,OP8,104,5,35.0
2025-02-21,M4,Night,OP2,124,8,86.0
2025-02-21,M5,Day,OP9,168,4,13.0
2025-02-21,M5,Night,OP8,152,4,22.0
2025-02-22,M1,Day,OP3,160,8,43.0
2025-02-22,M1,Night,OP9,154,12,73.0
2025-02-22,M2,Day,OP8,161,4,7.0
2025-02-22,M2,Night,OP10,131,3,33.0
2025-02-22,M3,Day,OP4,169,17,23.0
2025-02-22,M3,Night,OP1,118,13,32.0
2025-02-22,M4,day,OP5,166,8,20.0
2025-02-22,M4,Night,OP3,163,8,17.0
2025-02-22,M5,Day,OP10,124,3,15.0
2025-02-22,M5,Night,OP3,166,5,
2025-02-23,M1,Day,OP10,171,11,72.0
2025-02-23,M1,Night,OP10,153,13,67.0
2025-02-23,M2,Day,OP1,128,3,8.0
2025-02-23,M2,Night,OP1,155,10,15.0
2025-02-23,M3,Day,OP1,112,11,37.0
2025-02-23,M3,Night,OP4,105,13,48.0
2025-02-23,M4,Day,OP3,108,5,10.0
2025-02-23,M4,Night,OP2,158,7,46.0
2025-02-23,M5,Day,OP8,150,2,11.0
2025-02-23,M5,Night,OP8,134,4,26.0
2025-02-24,M1,Day,OP6,160,17,146.0
2025-02-24,M1,Night,OP1,180,12,58.0
2025-02-24,M2,Day,OP9,170,4,8.0
2025-02-24,M2,Night,OP10,109,6,38.0
2025-02-24,M3,Day,OP4,139,16,26.0
2025-02-24,M3,Night,OP10,128,11,18.0
2025-02-24,M4,Day,OP8,152,6,10.0
2025-02-24,M4,Night,OP1,179,6,53.0
2025-02-24,M5,Day,OP3,134,2,7.0
2025-02-24,M5,Night,OP3,133,5,21.0
2025-02-25,M1,Day,OP7,177,11,72.0
2025-02-25,M1,Night,OP10,178,10,127.0
2025-02-25,M2,Day,OP5,136,6,8.0
2025-02-25,M2,Night,OP8,133,8,57.0
2025-02-25,M3,DAY,OP10,121,14,31.0
2025-02-25,M3,Night,OP10,180,16,48.0
2025-02-25,M4,Day,OP8,142,7,7.0
2025-02-25,M4,Night,OP9,152,9,35.0
2025-02-25,M5,Day,OP1,140,1,5.0
2025-02-25,M5,Night,OP10,149,3,9.0
2025-02-26,M1,Day,OP5,176,9,101.0
2025-02-26,M1,Night,OP4,129,13,98.0
2025-02-26,M2,Day,OP8,138,4,5.0
2025-02-26,M2,Night,OP3,109,4,33.0
2025-02-26,M3,Day,OP5,158,16,14.0
2025-02-26,M3,Night,OP7,147,18,29.0
2025-02-26,M4,Day,OP1,127,6,24.0
2025-02-26,M4,Night,,144,8,47.0
2025-02-26,M5,Day,OP6,103,2,11.0
2025-02-26,M5,Night,OP10,125,3,30.0
2025-02-27,M1,Day,OP4,179,10,51.0
2025-02-27,M1,Night,OP4,125,11,135.0
2025-02-27,M2,Day,OP2,172,3,27.0
2025-02-27,M2,Night,OP4,143,9,60.0
2025-02-27,M3,Day,OP10,148,12,35.0
2025-02-27,M3,Night,OP5,160,14,60.0
2025-02-27,M4,Day,OP6,140,7,22.0
2025-02-27,M4,Night,OP10,179,6,17.0
2025-02-27,M5,Day,OP10,168,2,8.0
2025-02-27,M5,Night,OP6,106,2,10.0
2025-02-28,M1,Day,OP5,136,12,40.0
2025-02-28,M1,Night,OP2,128,13,114.0
2025-02-28,M2,day,OP4,165,4,28.0
2025-02-28,M2,Night,OP7,123,6,33.0
2025-02-28,M3,DAY,OP10,120,10,26.0
2025-02-28,M3,Night,OP6,167,21,65.0
2025-02-28,M4,Day,OP9,144,8,39.0
2025-02-28,M4,Night,OP10,164,16,67.0
2025-02-28,M5,Day,OP4,145,2,3.0
2025-02-28,M5,Night,OP8,116,2,25.0
2025-03-01,M1,Day,OP4,122,9,115.0
2025-03-01,M1,Night,OP6,164,12,128.0
2025-03-01,M2,day,OP6,121,6,28.0
2025-03-01,M2,Night,OP8,113,6,35.0
2025-03-01,M3,Day,OP5,134,16,86.0
2025-03-01,M3,Night,OP5,114,10,47.0
2025-03-01,M4,Day,OP7,151,5,32.0
2025-03-01,M4,Night,OP10,160,11,12.0
2025-03-01,M5,Day,OP5,139,3,4.0
2025-03-01,M5,Night,OP3,179,3,27.0
2025-03-02,M1,Day,OP10,130,9,103.0
2025-03-02,M1,Night,OP3,142,18,116.0
2025-03-02,M2,Day,OP7,167,8,39.0
2025-03-02,M2,Night,OP4,108,7,23.0
2025-03-02,M3,Day,OP8,124,10,28.0
2025-03-02,M3,Night,OP2,156,17,45.0
2025-03-02,M4,Day,OP5,139,7,30.0
2025-03-02,M4,Night,OP3,113,6,31.0
2025-03-02,M5,Day,OP6,145,2,2.0
2025-03-02,M5,Night,OP2,158,6,20.0
2025-03-03,M1,Day,OP10,120,11,150.0
2025-03-03,M1,Night,OP10,122,12,78.0
2025-03-03,M2,Day,OP9,133,3,38.0
2025-03-03,M2,Night,OP4,147,7,43.0
2025-03-03,M3,Day,OP1,180,21,38.0
2025-03-03,M3,Night,OP8,100,10,42.0
2025-03-03,M4,Day,OP1,100,7,76.0
2025-03-03,M4,Night,OP2,140,13,63.0
2025-03-03,M5,Day,OP9,147,4,15.0
2025-03-03,M5,Night,OP1,155,5,26.0
2025-03-04,M1,Day,OP5,142,7,85.0
2025-03-04,M1,Night,OP8,167,15,71.0
2025-03-04,M2,Day,OP6,176,7,33.0
2025-03-04,M2,Night,OP4,180,6,20.0
2025-03-04,M3,Day,OP3,143,16,22.0
2025-03-04,M3,Night,OP1,103,10,27.0
2025-03-04,M4,DAY,OP5,169,9,34.0
2025-03-04,M4,Night,OP8,109,5,29.0
2025-03-04,M5,Day,OP10,137,6,59.0
2025-03-04,M5,Night,OP6,104,2,15.0
2025-03-05,M1,Day,OP8,101,5,113.0
2025-03-05,M1,Night,OP2,134,18,140.0
2025-03-05,M2,Day,OP1,120,6,14.0
2025-03-05,M2,Night,OP3,178,9,48.0
2025-03-05,M3,Day,OP1,130,10,31.0
2025-03-05,M3,Night,OP7,159,17,44.0
2025-03-05,M4,Day,OP7,110,6,13.0
2025-03-05,M4,Night,OP10,177,8,44.0
2025-03-05,M5,Day,OP1,172,4,1.0
2025-03-05,M5,Night,OP8,106,3,7.0
2025-03-06,M1,Day,OP7,174,12,71.0
2025-03-06,M1,Night,OP2,108,7,84.0
2025-03-06,M2,Day,OP5,172,14,51.0
2025-03-06,M2,Night,OP3,115,7,39.0
2025-03-06,M3,Day,OP1,174,14,10.0
2025-03-06,M3,Night,OP5,169,25,64.0
2025-03-06,M4,Day,OP4,146,5,39.0
2025-03-06,M4,Night,OP1,156,6,51.0
2025-03-06,M5,Day,OP2,133,3,9.0
2025-03-06,M5,Night,OP7,150,3,16.0
2025-03-07,M1,Day,OP1,111,9,87.0
2025-03-07,M1,Night,OP9,160,10,117.0
2025-03-07,M2,Day,OP2,101,2,5.0
2025-03-07,M2,Night,OP3,111,7,45.0
2025-03-07,M3,day,OP3,137,14,15.0
2025-03-07,M3,Night,OP8,101,9,41.0
2025-03-07,M4,Day,OP2,142,4,11.0
2025-03-07,M4,Night,OP2,140,9,25.0
2025-03-07,M5,Day,OP6,110,3,8.0
2025-03-07,M5,Night,OP3,132,2,19.0
2025-03-08,M1,Day,OP3,110,9,103.0
2025-03-08,M1,Night,OP4,135,17,159.0
2025-03-08,M2,DAY,OP10,158,6,17.0
2025-03-08,M2,Night,OP4,144,7,54.0
2025-03-08,M3,DAY,OP9,136,11,33.0
2025-03-08,M3,Night,OP3,154,15,32.0
2025-03-08,M4,DAY,OP8,106,3,21.0
2025-03-08,M4,Night,OP9,110,7,26.0
2025-03-08,M5,Day,OP10,112,2,3.0
2025-03-08,M5,Night,OP7,138,2,12.0
2025-03-09,M1,day,OP4,113,12,150.0
2025-03-09,M1,Night,OP7,134,14,66.0
2025-03-09,M2,Day,OP1,171,10,55.0
2025-03-09,M2,Night,OP10,102,6,27.0
2025-03-09,M3,Day,OP5,171,20,40.0
2025-03-09,M3,Night,OP8,141,17,43.0
2025-03-09,M4,Day,OP8,120,9,72.0
2025-03-09,M4,Night,OP10,157,10,59.0
2025-03-09,M5,day,OP7,108,1,0.0
2025-03-09,M5,Night,OP6,113,3,18.0
2025-03-10,M1,Day,OP2,107,7,105.0
2025-03-10,M1,Night,OP9,115,8,51.0
2025-03-10,M2,Day,OP2,126,5,18.0
2025-03-10,M2,Night,OP4,140,6,24.0
2025-03-10,M3,day,OP9,133,14,32.0
2025-03-10,M3,Night,OP3,151,16,55.0
2025-03-10,M4,DAY,OP7,111,6,40.0
2025-03-10,M4,Night,OP8,138,4,49.0
2025-03-10,M5,Day,OP10,132,3,11.0
2025-03-10,M5,Night,OP3,169,5,14.0
2025-03-11,M1,Day,OP1,142,8,63.0
2025-03-11,M1,Night,OP10,159,13,76.0
2025-03-11,M2,Day,OP1,145,4,23.0
2025-03-11,M2,Night,OP5,174,6,46.0
2025-03-11,M3,Day,OP8,163,14,14.0
2025-03-11,M3,Night,OP5,141,16,28.0
2025-03-11,M4,Day,OP4,179,10,18.0
2025-03-11,M4,Night,OP2,142,7,28.0
2025-03-11,M5,Day,OP1,126,1,1.0
2025-03-11,M5,Night,OP8,162,5,27.0
2025-03-12,M1,Day,OP1,175,10,95.0
2025-03-12,M1,Night,OP1,178,17,103.0
2025-03-12,M2,Day,OP6,137,5,16.0
2025-03-12,M2,Night,OP2,140,6,16.0
2025-03-12,M3,Day,OP9,163,17,23.0
2025-03-12,M3,Night,OP1,110,10,51.0
2025-03-12,M4,Day,OP9,149,7,10.0
2025-03-12,M4,Night,OP2,129,8,26.0
2025-03-12,M5,Day,OP10,144,1,14.0
2025-03-12,M5,Night,OP6,119,2,13.0
2025-03-13,M1,Day,OP10,147,15,86.0
2025-03-13,M1,Night,OP9,103,10,86.0
2025-03-13,M2,Day,OP3,126,2,29.0
2025-03-13,M2,Night,OP6,139,7,34.0
2025-03-13,M3,day,OP3,144,12,11.0
2025-03-13,M3,Night,OP6,113,12,48.0
2025-03-13,M4,Day,OP2,155,5,20.0
2025-03-13,M4,Night,OP5,152,6,30.0
2025-03-13,M5,Day,OP6,162,4,7.0
2025-03-13,M5,Night,OP7,124,3,24.0
2025-03-14,M1,Day,OP6,180,11,94.0
2025-03-14,M1,Night,OP1,155,13,120.0
2025-03-14,M2,Day,OP3,151,8,38.0
2025-03-14,M2,Night,OP9,111,7,55.0
2025-03-14,M3,Day,OP9,128,10,14.0
2025-03-14,M3,Night,OP2,119,10,40.0
2025-03-14,M4,Day,OP1,108,5,19.0
2025-03-14,M4,Night,OP2,105,5,42.0
2025-03-14,M5,Day,OP9,170,2,9.0
2025-03-14,M5,Night,OP4,163,6,10.0
2025-03-15,M1,Day,OP10,126,7,94.0
2025-03-15,M1,Night,OP8,159,13,125.0
2025-03-15,M2,Day,OP7,118,3,19.0
2025-03-15,M2,Night,OP5,180,12,29.0
2025-03-15,M3,Day,OP6,114,12,23.0
2025-03-15,M3,Night,OP7,153,19,91.0
2025-03-15,M4,day,OP7,174,3,35.0
2025-03-15,M4,Night,OP5,151,13,67.0
2025-03-15,M5,Day,OP7,150,4,9.0
2025-03-15,M5,Night,OP3,132,2,24.0
2025-03-16,M1,Day,OP4,121,6,106.0
2025-03-16,M1,Night,OP10,133,14,132.0
2025-03-16,M2,Day,OP4,108,5,29.0
2025-03-16,M2,Night,OP3,147,9,38.0
2025-03-16,M3,Day,OP6,143,11,33.0
2025-03-16,M3,Night,OP8,145,14,28.0
2025-03-16,M4,Day,OP10,142,6,5.0
2025-03-16,M4,Night,OP5,156,7,
2025-03-16,M5,day,OP2,166,1,13.0
2025-03-16,M5,Night,OP8,118,4,13.0
2025-03-17,M1,Day,OP1,143,13,67.0
2025-03-17,M1,Night,OP9,168,21,122.0
2025-03-17,M2,Day,OP4,136,7,37.0
2025-03-17,M2,Night,OP4,173,11,55.0
2025-03-17,M3,Day,OP10,125,10,24.0
2025-03-17,M3,Night,OP6,168,20,37.0
2025-03-17,M4,Day,OP3,164,5,13.0
2025-03-17,M4,Night,OP1,118,4,46.0
2025-03-17,M5,Day,OP4,124,3,8.0
2025-03-17,M5,Night,OP9,164,10,60.0
2025-03-18,M1,Day,OP8,100,5,85.0
2025-03-18,M1,Night,OP6,105,11,89.0
2025-03-18,M2,Day,OP4,171,5,11.0
2025-03-18,M2,Night,OP6,134,6,25.0
2025-03-18,M3,Day,OP1,180,19,33.0
2025-03-18,M3,Night,OP7,154,17,35.0
2025-03-18,M4,Day,OP2,142,7,19.0
2025-03-18,M4,Night,OP1,114,4,14.0
2025-03-18,M5,Day,OP3,119,3,14.0
2025-03-18,M5,Night,OP7,136,3,7.0
2025-03-19,M1,Day,OP5,120,7,47.0
2025-03-19,M1,Night,OP6,117,10,94.0
2025-03-19,M2,Day,OP4,120,5,10.0
2025-03-19,M2,Night,OP2,173,12,46.0
2025-03-19,M3,Day,OP1,111,12,24.0
2025-03-19,M3,Night,OP6,127,15,24.0
2025-03-19,M4,day,OP7,130,5,25.0
2025-03-19,M4,Night,OP5,104,3,44.0
2025-03-19,M5,Day,OP2,132,6,33.0
2025-03-19,M5,Night,OP5,106,2,12.0
2025-03-20,M1,Day,OP8,146,12,109.0
2025-03-20,M1,Night,OP6,130,8,68.0
2025-03-20,M2,Day,OP1,136,3,29.0
2025-03-20,M2,Night,OP10,108,4,60.0
2025-03-20,M3,Day,OP8,155,13,29.0
2025-03-20,M3,Night,OP6,122,14,66.0
2025-03-20,M4,Day,OP1,153,7,40.0
2025-03-20,M4,Night,OP6,170,11,37.0
2025-03-20,M5,Day,OP5,171,1,11.0
2025-03-20,M5,Night,OP8,168,4,17.0
2025-03-21,M1,Day,OP8,173,11,95.0
2025-03-21,M1,Night,OP8,160,16,159.0
2025-03-21,M2,Day,OP9,114,3,8.0
2025-03-21,M2,Night,OP8,114,5,31.0
2025-03-21,M3,Day,OP8,119,13,14.0
2025-03-21,M3,Night,OP4,129,13,27.0
2025-03-21,M4,day,OP8,151,7,22.0
2025-03-21,M4,Night,OP7,105,5,45.0
2025-03-21,M5,DAY,OP7,148,3,8.0
2025-03-21,M5,Night,OP1,132,4,15.0
2025-03-22,M1,Day,OP2,112,8,102.0
2025-03-22,M1,Night,OP2,179,22,160.0
2025-03-22,M2,Day,OP6,115,6,25.0
2025-03-22,M2,Night,OP2,127,6,31.0
2025-03-22,M3,Day,OP9,160,18,
2025-03-22,M3,Night,OP7,113,15,67.0
2025-03-22,M4,day,OP1,109,4,15.0
2025-03-22,M4,Night,OP10,150,6,23.0
2025-03-22,M5,Day,OP8,121,3,9.0
2025-03-22,M5,Night,OP10,104,3,11.0
2025-03-23,M1,Day,OP5,117,7,60.0
2025-03-23,M1,Night,OP4,177,16,114.0
2025-03-23,M2,day,OP2,136,4,13.0
2025-03-23,M2,Night,OP1,129,8,24.0
2025-03-23,M3,Day,OP7,119,10,29.0
2025-03-23,M3,Night,OP3,125,12,51.0
2025-03-23,M4,Day,OP7,133,7,72.0
2025-03-23,M4,Night,OP7,175,10,14.0
2025-03-23,M5,Day,OP3,172,3,4.0
2025-03-23,M5,Night,OP8,150,7,54.0
2025-03-24,M1,Day,OP1,114,7,115.0
2025-03-24,M1,Night,OP6,180,18,74.0
2025-03-24,M2,Day,OP10,136,3,37.0
2025-03-24,M2,Night,OP2,154,6,30.0
2025-03-24,M3,Day,OP8,139,13,34.0
2025-03-24,M3,Night,OP5,165,16,36.0
2025-03-24,M4,Day,OP8,149,5,10.0
2025-03-24,M4,Night,OP10,156,10,37.0
2025-03-24,M5,day,OP7,155,1,9.0
2025-03-24,M5,Night,OP1,178,10,45.0
2025-03-25,M1,Day,OP9,113,8,86.0
2025-03-25,M1,Night,OP8,132,10,114.0
2025-03-25,M2,Day,OP3,109,2,26.0
2025-03-25,M2,Night,OP6,170,9,39.0
2025-03-25,M3,Day,OP10,133,18,61.0
2025-03-25,M3,Night,OP9,142,13,34.0
2025-03-25,M4,Day,OP2,163,7,8.0
2025-03-25,M4,Night,OP4,101,5,23.0
2025-03-25,M5,day,OP1,139,3,1.0
2025-03-25,M5,Night,OP8,134,4,21.0
2025-03-26,M1,Day,OP6,110,10,113.0
2025-03-26,M1,Night,OP8,140,14,118.0
2025-03-26,M2,day,OP1,166,9,32.0
2025-03-26,M2,Night,OP3,141,7,30.0
2025-03-26,M3,Day,OP5,122,12,35.0
2025-03-26,M3,Night,OP8,102,16,86.0
2025-03-26,M4,day,OP6,127,10,74.0
2025-03-26,M4,Night,OP10,142,6,50.0
2025-03-26,M5,Day,OP8,134,7,25.0
2025-03-26,M5,Night,OP5,179,6,16.0
2025-03-27,M1,Day,OP6,141,10,72.0
2025-03-27,M1,Night,OP7,113,8,54.0
2025-03-27,M2,Day,OP10,122,4,21.0
2025-03-27,M2,Night,OP5,152,4,
2025-03-27,M3,DAY,OP10,168,16,22.0
2025-03-27,M3,Night,OP2,135,18,79.0
2025-03-27,M4,Day,OP2,158,4,28.0
2025-03-27,M4,Night,OP3,119,7,24.0
2025-03-27,M5,DAY,OP6,117,1,4.0
2025-03-27,M5,Night,OP3,177,4,28.0
2025-03-28,M1,Day,OP10,113,13,140.0
2025-03-28,M1,Night,OP7,158,11,112.0
2025-03-28,M2,Day,OP4,108,4,12.0
2025-03-28,M2,Night,OP2,157,7,30.0
2025-03-28,M3,Day,OP10,107,9,30.0
2025-03-28,M3,Night,OP2,158,17,27.0
2025-03-28,M4,Day,OP4,133,4,34.0
2025-03-28,M4,Night,OP5,175,10,42.0
2025-03-28,M5,Day,OP9,123,1,8.0
2025-03-28,M5,Night,OP7,124,4,22.0
2025-03-29,M1,Day,OP1,146,11,86.0
2025-03-29,M1,Night,OP7,106,8,53.0
2025-03-29,M2,day,OP1,163,5,8.0
2025-03-29,M2,Night,OP3,109,3,26.0
2025-03-29,M3,Day,OP2,162,19,13.0
2025-03-29,M3,Night,OP10,140,14,22.0
2025-03-29,M4,Day,OP5,118,7,39.0
2025-03-29,M4,Night,OP9,162,4,29.0
2025-03-29,M5,day,OP10,139,3,15.0
2025-03-29,M5,Night,OP6,112,3,14.0
2025-03-30,M1,DAY,OP6,107,9,103.0
2025-03-30,M1,Night,OP3,132,10,89.0
2025-03-30,M2,day,OP3,110,3,16.0
2025-03-30,M2,Night,OP9,167,7,48.0
2025-03-30,M3,Day,OP4,122,16,81.0
2025-03-30,M3,Night,OP5,169,16,44.0
2025-03-30,M4,Day,OP4,142,4,20.0
2025-03-30,M4,Night,OP7,153,6,19.0
2025-03-30,M5,Day,OP1,117,3,2.0
2025-03-30,M5,Night,OP6,120,2,8.0
2025-03-31,M1,Day,OP9,120,7,80.0
2025-03-31,M1,Night,OP4,167,10,61.0
2025-03-31,M2,Day,OP4,170,10,11.0
2025-03-31,M2,Night,OP3,136,8,39.0
2025-03-31,M3,Day,OP8,156,12,35.0
2025-03-31,M3,Night,OP9,132,14,55.0
2025-03-31,M4,Day,OP2,158,5,8.0
2025-03-31,M4,Night,OP9,141,9,54.0
2025-03-31,M5,Day,OP10,109,2,8.0
2025-03-31,M5,Night,OP9,161,5,23.0
2025-04-01,M1,Day,OP8,143,10,83.0
2025-04-01,M1,Night,OP4,159,16,79.0
2025-04-01,M2,DAY,OP4,172,6,13.0
2025-04-01,M2,Night,OP9,178,6,28.0
2025-04-01,M3,Day,OP2,147,12,36.0
2025-04-01,M3,Night,OP10,142,18,88.0
2025-04-01,M4,Day,OP4,141,8,40.0
2025-04-01,M4,Night,OP4,124,7,29.0
2025-04-01,M5,Day,OP6,167,4,1.0
2025-04-01,M5,Night,OP7,140,4,20.0
2025-04-02,M1,Day,OP5,120,10,88.0
2025-04-02,M1,Night,OP7,147,15,61.0
2025-04-02,M2,DAY,OP8,130,6,13.0
2025-04-02,M2,Night,OP2,119,11,54.0
2025-04-02,M3,Day,OP9,117,12,33.0
2025-04-02,M3,Night,OP2,104,14,87.0
2025-04-02,M4,Day,OP2,148,5,29.0
2025-04-02,M4,Night,OP3,119,5,45.0
2025-04-02,M5,Day,OP6,102,2,3.0
2025-04-02,M5,Night,OP8,141,4,19.0
2025-04-03,M1,Day,OP1,118,9,83.0
2025-04-03,M1,Night,OP10,109,11,116.0
2025-04-03,M2,Day,OP4,121,9,41.0
2025-04-03,M2,Night,OP1,162,8,
2025-04-03,M3,day,OP2,116,10,25.0
2025-04-03,M3,Night,OP2,141,18,31.0
2025-04-03,M4,Day,OP4,129,5,9.0
2025-04-03,M4,Night,OP8,116,5,18.0
2025-04-03,M5,Day,OP5,160,2,2.0
2025-04-03,M5,Night,OP9,156,4,12.0
2025-04-04,M1,day,OP2,113,10,65.0
2025-04-04,M1,Night,OP1,119,9,124.0
2025-04-04,M2,Day,OP1,123,5,14.0
2025-04-04,M2,Night,OP8,112,7,38.0
2025-04-04,M3,Day,OP3,108,12,46.0
2025-04-04,M3,Night,OP1,168,17,35.0
2025-04-04,M4,day,OP6,127,2,29.0
2025-04-04,M4,Night,OP10,131,7,30.0
2025-04-04,M5,Day,OP4,124,1,15.0
2025-04-04,M5,Night,OP2,151,3,24.0
2025-04-05,M1,Day,OP10,165,14,102.0
2025-04-05,M1,Night,OP2,119,7,58.0
2025-04-05,M2,Day,OP9,122,7,11.0
2025-04-05,M2,Night,OP3,170,7,32.0
2025-04-05,M3,Day,OP2,131,12,18.0
2025-04-05,M3,Night,OP6,121,14,37.0
2025-04-05,M4,day,OP6,111,2,26.0
2025-04-05,M4,Night,OP3,142,9,38.0
2025-04-05,M5,Day,OP6,120,2,5.0
2025-04-05,M5,Night,OP5,110,2,29.0
2025-04-06,M1,Day,OP5,124,8,75.0
2025-04-06,M1,Night,OP7,173,10,90.0
2025-04-06,M2,Day,OP6,143,7,19.0
2025-04-06,M2,Night,OP7,106,4,54.0
2025-04-06,M3,Day,OP1,154,12,38.0
2025-04-06,M3,Night,OP3,142,17,31.0
2025-04-06,M4,day,OP1,136,5,20.0
2025-04-06,M4,Night,OP9,116,6,53.0
2025-04-06,M5,Day,OP10,175,2,11.0
2025-04-06,M5,Night,OP3,164,4,26.0
2025-04-07,M1,day,OP6,122,7,77.0
2025-04-07,M1,Night,OP10,142,19,122.0
2025-04-07,M2,Day,OP8,123,3,16.0
2025-04-07,M2,Night,,156,6,38.0
2025-04-07,M3,Day,OP2,158,18,13.0
2025-04-07,M3,Night,OP1,159,17,31.0
2025-04-07,M4,Day,OP10,170,11,50.0
2025-04-07,M4,Night,OP2,124,8,54.0
2025-04-07,M5,Day,OP1,173,4,5.0
2025-04-07,M5,Night,OP3,140,3,21.0
2025-04-08,M1,Day,OP3,118,11,46.0
2025-04-08,M1,Night,OP3,122,8,97.0
2025-04-08,M2,Day,OP5,158,4,10.0
2025-04-08,M2,Night,OP7,120,8,55.0
2025-04-08,M3,Day,OP7,116,13,11.0
2025-04-08,M3,Night,OP9,141,20,94.0
2025-04-08,M4,Day,OP3,162,5,17.0
2025-04-08,M4,Night,OP9,129,10,82.0
2025-04-08,M5,Day,OP9,140,3,7.0
2025-04-08,M5,Night,OP5,152,3,12.0
2025-04-09,M1,Day,OP9,160,8,54.0
2025-04-09,M1,Night,OP7,149,11,53.0
2025-04-09,M2,Day,OP4,155,5,5.0
2025-04-09,M2,Night,OP2,167,8,56.0
2025-04-09,M3,Day,OP7,134,16,40.0
2025-04-09,M3,Night,OP6,143,16,45.0
2025-04-09,M4,Day,OP9,132,4,32.0
2025-04-09,M4,Night,OP5,103,5,32.0
2025-04-09,M5,Day,OP7,141,3,8.0
2025-04-09,M5,Night,OP7,162,3,24.0
2025-04-10,M1,Day,OP4,163,15,42.0
2025-04-10,M1,Night,OP6,180,19,131.0
2025-04-10,M2,Day,OP7,125,5,38.0
2025-04-10,M2,Night,OP1,122,5,10.0
2025-04-10,M3,Day,OP6,179,19,29.0
2025-04-10,M3,Night,OP4,132,16,29.0
2025-04-10,M4,day,OP7,111,2,12.0
2025-04-10,M4,Night,OP2,110,4,45.0
2025-04-10,M5,Day,OP6,118,2,10.0
2025-04-10,M5,Night,OP9,144,8,61.0
2025-04-11,M1,Day,OP7,105,9,102.0
2025-04-11,M1,Night,OP3,167,13,
2025-04-11,M2,Day,OP9,128,6,32.0
2025-04-11,M2,Night,OP7,132,8,33.0
2025-04-11,M3,Day,OP3,122,11,24.0
2025-04-11,M3,Night,OP8,171,17,43.0
2025-04-11,M4,Day,OP8,129,5,28.0
2025-04-11,M4,Night,OP6,167,8,47.0
2025-04-11,M5,Day,OP9,159,3,14.0
2025-04-11,M5,Night,OP9,101,3,15.0
2025-04-12,M1,Day,OP3,146,12,103.0
2025-04-12,M1,Night,OP4,178,11,130.0
2025-04-12,M2,day,OP3,117,5,10.0
2025-04-12,M2,Night,OP9,123,4,40.0
2025-04-12,M3,DAY,OP1,117,13,29.0
2025-04-12,M3,Night,OP4,113,12,28.0
2025-04-12,M4,Day,OP2,123,6,14.0
2025-04-12,M4,Night,OP2,127,7,47.0
2025-04-12,M5,Day,OP5,160,1,3.0
2025-04-12,M5,Night,OP2,143,8,68.0
2025-04-13,M1,Day,OP2,108,10,70.0
2025-04-13,M1,Night,OP2,136,14,87.0
2025-04-13,M2,Day,OP7,137,7,36.0
2025-04-13,M2,Night,OP9,110,4,36.0
2025-04-13,M3,Day,OP8,106,10,25.0
2025-04-13,M3,Night,OP4,145,14,36.0
2025-04-13,M4,Day,OP10,122,3,39.0
2025-04-13,M4,Night,OP7,170,7,23.0
2025-04-13,M5,Day,OP4,163,3,12.0
2025-04-13,M5,Night,OP10,160,4,17.0
2025-04-14,M1,Day,OP3,140,12,102.0
2025-04-14,M1,Night,OP6,146,14,76.0
2025-04-14,M2,Day,OP8,171,4,27.0
2025-04-14,M2,Night,OP6,176,11,53.0
2025-04-14,M3,day,OP2,137,14,15.0
2025-04-14,M3,Night,OP10,123,13,35.0
2025-04-14,M4,Day,OP8,147,5,27.0
2025-04-14,M4,Night,OP5,109,10,59.0
2025-04-14,M5,Day,OP7,179,3,11.0
2025-04-14,M5,Night,OP3,121,3,17.0
2025-04-15,M1,Day,OP3,124,9,84.0
2025-04-15,M1,Night,OP2,176,18,75.0
2025-04-15,M2,Day,OP1,140,6,28.0
2025-04-15,M2,Night,OP8,156,9,24.0
2025-04-15,M3,day,OP8,152,17,17.0
2025-04-15,M3,Night,OP7,160,17,23.0
2025-04-15,M4,Day,OP5,156,3,20.0
2025-04-15,M4,Night,OP7,131,5,35.0
2025-04-15,M5,Day,OP2,112,3,12.0
2025-04-15,M5,Night,OP7,140,3,21.0
2025-04-16,M1,Day,OP4,154,13,59.0
2025-04-16,M1,Night,OP7,152,9,108.0
2025-04-16,M2,Day,OP5,114,6,13.0
2025-04-16,M2,Night,OP4,147,10,17.0
2025-04-16,M3,DAY,OP8,151,14,24.0
2025-04-16,M3,Night,OP3,149,22,58.0
2025-04-16,M4,Day,OP1,169,9,17.0
2025-04-16,M4,Night,OP6,179,5,44.0
2025-04-16,M5,Day,OP5,111,2,14.0
2025-04-16,M5,Night,OP4,170,3,15.0
2025-04-17,M1,Day,OP6,173,13,54.0
2025-04-17,M1,Night,OP6,112,7,126.0
2025-04-17,M2,day,OP4,130,3,40.0
2025-04-17,M2,Night,OP3,152,8,46.0
2025-04-17,M3,Day,OP9,156,16,11.0
2025-04-17,M3,Night,OP6,105,13,31.0
2025-04-17,M4,Day,OP4,116,6,78.0
2025-04-17,M4,Night,OP8,132,7,42.0
2025-04-17,M5,Day,OP4,121,1,8.0
2025-04-17,M5,Night,OP3,148,5,15.0
2025-04-18,M1,Day,OP4,111,10,55.0
2025-04-18,M1,Night,OP7,119,11,74.0
2025-04-18,M2,Day,OP9,127,6,17.0
2025-04-18,M2,Night,OP9,160,9,25.0
2025-04-18,M3,Day,OP6,147,15,20.0
2025-04-18,M3,Night,OP8,155,19,41.0
2025-04-18,M4,Day,OP4,135,7,37.0
2025-04-18,M4,Night,OP8,156,8,15.0
2025-04-18,M5,Day,OP6,144,8,53.0
2025-04-18,M5,Night,OP10,138,4,19.0
2025-04-19,M1,Day,OP4,144,11,87.0
2025-04-19,M1,Night,OP5,127,10,129.0
2025-04-19,M2,Day,OP9,127,6,28.0
2025-04-19,M2,Night,OP8,141,7,43.0
2025-04-19,M3,Day,OP5,134,14,33.0
2025-04-19,M3,Night,OP3,125,11,41.0
2025-04-19,M4,Day,OP3,170,9,19.0
2025-04-19,M4,Night,OP8,153,9,40.0
2025-04-19,M5,Day,OP1,155,2,15.0
2025-04-19,M5,Night,OP5,134,7,42.0
2025-04-20,M1,Day,OP3,157,9,60.0
2025-04-20,M1,Night,OP10,178,17,95.0
2025-04-20,M2,day,OP3,168,6,10.0
2025-04-20,M2,Night,OP4,108,9,60.0
2025-04-20,M3,Day,OP10,166,18,60.0
2025-04-20,M3,Night,OP4,148,16,34.0
2025-04-20,M4,Day,OP8,113,3,32.0
2025-04-20,M4,Night,OP7,180,7,33.0
2025-04-20,M5,Day,OP2,174,2,8.0
2025-04-20,M5,Night,OP5,103,3,21.0
2025-04-21,M1,day,OP6,120,8,111.0
2025-04-21,M1,Night,OP8,167,15,61.0
2025-04-21,M2,Day,OP4,175,4,35.0
2025-04-21,M2,Night,OP2,142,9,29.0
2025-04-21,M3,Day,OP4,117,11,15.0
2025-04-21,M3,Night,OP6,180,20,49.0
2025-04-21,M4,Day,OP1,130,5,7.0
2025-04-21,M4,Night,OP2,142,4,46.0
2025-04-21,M5,Day,OP4,166,4,6.0
2025-04-21,M5,Night,OP7,150,8,50.0
2025-04-22,M1,Day,OP4,178,15,49.0
2025-04-22,M1,Night,OP6,148,17,169.0
2025-04-22,M2,Day,OP9,160,7,18.0
2025-04-22,M2,Night,OP3,105,7,32.0
2025-04-22,M3,Day,OP10,120,11,13.0
2025-04-22,M3,Night,OP1,115,14,27.0
2025-04-22,M4,Day,OP10,127,5,20.0
2025-04-22,M4,Night,OP8,172,11,12.0
2025-04-22,M5,Day,OP7,170,3,12.0
2025-04-22,M5,Night,OP5,172,6,14.0
2025-04-23,M1,Day,OP3,106,9,40.0
2025-04-23,M1,Night,OP2,152,9,93.0
2025-04-23,M2,Day,OP3,176,9,10.0
2025-04-23,M2,Night,OP8,170,6,49.0
2025-04-23,M3,Day,OP4,156,15,25.0
2025-04-23,M3,Night,OP2,139,14,44.0
2025-04-23,M4,Day,OP3,161,5,15.0
2025-04-23,M4,Night,,130,7,54.0
2025-04-23,M5,Day,OP4,133,2,7.0
2025-04-23,M5,Night,OP9,109,3,17.0
2025-04-24,M1,day,OP9,109,9,47.0
2025-04-24,M1,Night,OP1,112,14,94.0
2025-04-24,M2,Day,OP10,168,4,33.0
2025-04-24,M2,Night,OP7,101,5,28.0
2025-04-24,M3,Day,OP5,173,15,20.0
2025-04-24,M3,Night,OP5,137,14,28.0
2025-04-24,M4,Day,OP7,100,3,7.0
2025-04-24,M4,Night,OP2,145,4,47.0
2025-04-24,M5,day,OP1,116,3,12.0
2025-04-24,M5,Night,OP5,156,3,22.0
2025-04-25,M1,Day,OP10,134,11,102.0
2025-04-25,M1,Night,OP4,145,10,80.0
2025-04-25,M2,Day,OP9,118,6,34.0
2025-04-25,M2,Night,OP2,168,10,46.0
2025-04-25,M3,Day,OP1,151,16,17.0
2025-04-25,M3,Night,OP6,152,18,27.0
2025-04-25,M4,Day,OP4,142,6,27.0
2025-04-25,M4,Night,OP10,175,8,56.0
2025-04-25,M5,Day,OP2,179,3,4.0
2025-04-25,M5,Night,OP6,158,5,22.0
2025-04-26,M1,Day,OP6,113,7,44.0
2025-04-26,M1,Night,OP7,137,12,126.0
2025-04-26,M2,day,OP6,164,4,18.0
2025-04-26,M2,Night,OP4,174,15,69.0
2025-04-26,M3,Day,,150,17,32.0
2025-04-26,M3,Night,OP2,153,16,40.0
2025-04-26,M4,Day,OP6,124,6,36.0
2025-04-26,M4,Night,OP2,153,5,26.0
2025-04-26,M5,Day,OP8,178,3,9.0
2025-04-26,M5,Night,OP8,104,6,60.0
2025-04-27,M1,Day,OP5,101,6,77.0
2025-04-27,M1,Night,OP2,143,12,124.0
2025-04-27,M2,Day,OP6,175,9,32.0
2025-04-27,M2,Night,OP6,170,6,29.0
2025-04-27,M3,Day,OP6,160,17,47.0
2025-04-27,M3,Night,OP8,118,11,36.0
2025-04-27,M4,Day,OP5,141,4,9.0
2025-04-27,M4,Night,OP7,166,9,46.0
2025-04-27,M5,Day,OP6,144,1,7.0
2025-04-27,M5,Night,OP4,147,5,35.0
2025-04-28,M1,day,OP9,165,9,73.0
2025-04-28,M1,Night,OP10,103,10,101.0
2025-04-28,M2,day,OP3,110,2,36.0
2025-04-28,M2,Night,OP1,115,6,54.0
2025-04-28,M3,Day,OP5,158,18,20.0
2025-04-28,M3,Night,OP9,171,19,43.0
2025-04-28,M4,Day,OP6,128,4,24.0
2025-04-28,M4,Night,OP8,140,6,35.0
2025-04-28,M5,Day,OP1,114,2,14.0
2025-04-28,M5,Night,OP3,167,4,26.0
2025-04-29,M1,Day,OP5,107,6,81.0
2025-04-29,M1,Night,OP10,123,12,67.0
2025-04-29,M2,Day,OP5,136,8,32.0
2025-04-29,M2,Night,OP5,100,6,25.0
2025-04-29,M3,Day,OP2,103,8,21.0
2025-04-29,M3,Night,OP1,130,16,42.0
2025-04-29,M4,Day,OP4,163,5,31.0
2025-04-29,M4,Night,OP8,163,9,69.0
2025-04-29,M5,Day,OP4,134,2,4.0
2025-04-29,M5,Night,OP10,174,6,14.0
2025-04-30,M1,DAY,OP6,165,9,94.0
2025-04-30,M1,Night,OP8,102,11,116.0
2025-04-30,M2,day,OP3,162,8,16.0
2025-04-30,M2,Night,OP6,134,4,31.0
2025-04-30,M3,Day,OP7,155,14,18.0
2025-04-30,M3,Night,OP6,100,10,40.0
2025-04-30,M4,Day,OP5,111,4,39.0
2025-04-30,M4,Night,OP10,139,6,49.0
2025-04-30,M5,Day,OP7,154,3,12.0
2025-04-30,M5,Night,OP5,113,4,32.0
